Workbook

Sheet Roadmap
A1: Aim-Truth Rig — 16-Week Phased Roadmap
A2: Week 1 = w/c 2026-08-03. Effort in solo-days. Update the Status column; % complete rolls up on the Dashboard.
A4: Wk | B4: Week of | C4: Phase | D4: Work item | E4: Deliverable / exit criterion | F4: Depends on | G4: Effort (days) | H4: Status | I4: Risk link
A5: 1 | B5: 46237 | C5: P0 Observability | D5: Archaeology spike on inherited stack (timebox 4 days) | E5: Written one-pager: detector, filter type + rate, latency scheme, gimbal protocol. Explicit decision: instrument vs. replace tracker. | F5: — | G5: 4 | H5: Not started | I5: R2
A6: 1 | B6: 46237 | C6: P0 Observability | D6: Confirm camera model + trigger/strobe capability (Q1) | E6: Datasheet line confirming external trigger in OR strobe out. GO/NO-GO on full spin range. | F6: — | G6: 0.5 | H6: Not started | I6: R1
A7: 1 | B7: 46237 | C7: P0 Observability | D7: Confirm compute headroom + disk throughput for full-rate logging (Q4) | E7: Measured write bandwidth vs. required frame+state rate. No dropped frames under load. | F7: — | G7: 0.5 | H7: Not started | I7: R2
A8: 2 | B8: 46244 | C8: P0 Observability | D8: Structured estimator-state logging (REQ-0.1) | E8: Every filter update logged, not just final aim output. Self-describing dataset format w/ metadata. | F8: Wk1 spike | G8: 3 | H8: Not started | I8: —
A9: 2 | B9: 46244 | C9: P0 Observability | D9: Gimbal commanded-vs-actual angle logging (REQ-0.2) | E9: Second channel on same time base. Enables estimator-vs-servo error split. | F9: REQ-0.1 | G9: 1 | H9: Not started | I9: —
A10: 2 | B10: 46244 | C10: P0 Observability | D10: Order long-lead parts (motor if not owned, MCU, frame) | E10: Parts ordered. Piezo parts deliberately NOT ordered yet. | F10: Q1 answered | G10: 0.5 | H10: Not started | I10: R5
A11: 3 | B11: 46251 | C11: P0 Observability | D11: Hardware frame trigger / strobe capture (REQ-0.3) | E11: MCU drives or captures camera exposure; encoder latched in same ISR. | F11: Parts | G11: 3 | H11: Not started | I11: R1
A12: 3 | B12: 46251 | C12: P0 Observability | D12: LED sync verification test | E12: Measured sync error written into dataset metadata. MUST be <= 200 us. | F12: REQ-0.3 | G12: 1.5 | H12: Not started | I12: R1
A13: 3 | B13: 46251 | C13: GATE | D13: WEEK 3 HARD GATE — sync error <= 200 us? | E13: If > 1 ms with no hardware path: descope to static-target check, abandon spinning rig. | F13: LED test | G13: 0 | H13: Not started | I13: R1
A14: 4 | B14: 46258 | C14: P1 Estimator | D14: Build spin rig: frame, hub, plate mount (REQ-1.1) | E14: Direct-drive GM6020 mount. Static / constant-speed / step-change modes. Speed held to 2%. | F14: Wk3 gate | G14: 4 | H14: Not started | I14: R7
A15: 4 | B15: 46258 | C15: P1 Estimator | D15: Safety: guard, hardware E-stop, captive fasteners | E15: E-stop cuts motor power in hardware, not software. Verified by test. | F15: Frame | G15: 1 | H15: Not started | I15: SAFETY
A16: 5 | B16: 46265 | C16: P1 Estimator | D16: Encoder truth pipeline at >=1 kHz, <=0.05 deg (REQ-1.2) | E16: Absolute plate angle on rig time base. Validated against high-fps phone video. | F16: Rig built | G16: 2 | H16: Not started | I16: R8
... A39: 16 | B39: 46342 | C39: Consolidate | D39: Off-season backlog: what v2 should do differently | E39: Written while the pain is fresh. | F39: — | G39: 1 | H39: Not started | I39: —
F41: TOTAL EFFORT (solo-days) | G41: =SUM(G5:G39)
F42: Available (16 wks x 2.5 days/wk realistic solo, in-season) | G42: 40
F43: Headroom (negative = overcommitted) | G43: =G42-G41
F44: Blue = your input. Adjust available days to your real capacity.
A46: CAPACITY REALITY CHECK: the plan as scoped is ~66.5 solo-days against ~40 available at 2.5 days/week. Dropping Phase 3 entirely (15 days) still leaves ~51.5.
A47: Closing the gap needs one of: (a) ~3.3 days/week instead of 2.5, (b) drop Phase 3 AND cut Phase 2 to a single dispersion-floor session, or (c) extend to 20 weeks.
A48: This is deliberate. A plan that fits perfectly on day one has not been costed honestly. Decide which lever to pull at the Week 6 payback gate, when there is evidence.

Sheet Dashboard
A1: Dashboard
A2: All figures are formulas over the Roadmap and Risks tabs — they update as you edit Status.
A4: PROGRESS
A5: Total work items | B5: =COUNTA(Roadmap!D5:D39)-COUNTIF(Roadmap!C5:C39,"GATE")
A6: Done | B6: =COUNTIF(Roadmap!H5:H39,"Done")
A7: In progress | B7: =COUNTIF(Roadmap!H5:H39,"In progress")
A8: Blocked | B8: =COUNTIF(Roadmap!H5:H39,"Blocked")
A9: Descoped | B9: =COUNTIF(Roadmap!H5:H39,"Descoped")
A10: % complete | B10: =IFERROR(B6/B5,0)
A13: EFFORT BY PHASE (solo-days)
A14: Phase | B14: Planned | C14: Done | D14: % done
A15: P0 Observability | B15: =SUMIF(Roadmap!$C$5:$C$39,$A15,Roadmap!$G$5:$G$39) | C15: =SUMIFS(Roadmap!$G$5:$G$39,Roadmap!$C$5:$C$39,$A15,Roadmap!$H$5:$H$39,"Done") | D15: =IFERROR(C15/B15,0)
A16: P1 Estimator | B16: =SUMIF(Roadmap!$C$5:$C$39,$A16,Roadmap!$G$5:$G$39) | C16: =SUMIFS(Roadmap!$G$5:$G$39,Roadmap!$C$5:$C$39,$A16,Roadmap!$H$5:$H$39,"Done") | D16: =IFERROR(C16/B16,0)
A17: P2 Live-fire | B17: =SUMIF(Roadmap!$C$5:$C$39,$A17,Roadmap!$G$5:$G$39) | C17: =SUMIFS(Roadmap!$G$5:$G$39,Roadmap!$C$5:$C$39,$A17,Roadmap!$H$5:$H$39,"Done") | D17: =IFERROR(C17/B17,0)
A18: P3 Piezo | B18: =SUMIF(Roadmap!$C$5:$C$39,$A18,Roadmap!$G$5:$G$39) | C18: =SUMIFS(Roadmap!$G$5:$G$39,Roadmap!$C$5:$C$39,$A18,Roadmap!$H$5:$H$39,"Done") | D18: =IFERROR(C18/B18,0)
A19: P4 Replay | B19: =SUMIF(Roadmap!$C$5:$C$39,$A19,Roadmap!$G$5:$G$39) | C19: =SUMIFS(Roadmap!$G$5:$G$39,Roadmap!$C$5:$C$39,$A19,Roadmap!$H$5:$H$39,"Done") | D19: =IFERROR(C19/B19,0)
A20: Consolidate | B20: =SUMIF(Roadmap!$C$5:$C$39,$A20,Roadmap!$G$5:$G$39) | C20: =SUMIFS(Roadmap!$G$5:$G$39,Roadmap!$C$5:$C$39,$A20,Roadmap!$H$5:$H$39,"Done") | D20: =IFERROR(C20/B20,0)
A21: TOTAL | B21: =SUM(B15:B20) | C21: =SUM(C15:C20) | D21: =IFERROR(C21/B21,0)
A24: GATES — the decisions that keep this project honest
A25: Gate | B25: Week | C25: Test | D25: Action on failure
A26: Sync gate | B26: 3 | C26: Measured camera-to-encoder sync error <= 200 us | D26: If > 1 ms with no hardware path: descope to static-target check, abandon spinning rig
A27: Payback gate | B27: 6 | C27: Has rig data changed at least one tuning decision? | D27: Park the project until off-season; robot work wins during the season
A28: Phase 3 gate | B28: 10 | C28: Piezo bench RMS <= 25 mm on a known grid | D28: Do not integrate. Reallocate the 4 weeks to Phase 4 replay tuning
A29: Adoption gate | B29: 10 | C29: >= 3 tuning decisions made on rig data (M4) | D29: The tool is not being used. Stop building; find out why
A30: Drift tripwire | B30: any | C30: 2 consecutive weeks with no dataset recorded | D30: You are building infrastructure for its own sake. Record something crude, re-plan

Sheet BOM
A1: Bill of Materials
A2: Blue = your input (adjust qty/price to what you actually pay or already own). Budget ceiling from kickoff: $500.
A4: Item | B4: Purpose | C4: Phase | D4: Qty | E4: Unit $ | F4: Line $ | G4: Already own? | H4: Order by
A5: GM6020 gimbal motor | B5: Direct-drive spin + absolute encoder ground truth (0.044 deg, no backlash) | C5: P1 | D5: 1 | E5: 110 | F5: =D5*E5 | G5: Likely | H5: Wk 2
A6: STM32F4 dev board | B6: Rig time base, CAN, camera trigger, piezo input capture | C6: P0 | D6: 1 | E6: 15 | F6: =D6*E6 | G6: Maybe | H6: Wk 2
A7: USB-CAN adapter | B7: Motor command + host link | C7: P1 | D7: 1 | E7: 25 | F7: =D7*E7 | G7: Likely | H7: Wk 2
A8: 24 V PSU | B8: Motor supply (or reuse a team battery) | C8: P1 | D8: 1 | E8: 25 | F8: =D8*E8 | G8: Maybe | H8: Wk 2
A9: Aluminium extrusion + base plate + fasteners | B9: Rigid frame; must not walk under vibration (risk R7) | C9: P1 | D9: 1 | E9: 60 | F9: =D9*E9 | G9: No | H9: Wk 2
A10: 3D-printed hub + sensor mounts | B10: Interface to standard armor plate; captive fasteners | C10: P1 | D10: 1 | E10: 8 | F10: =D10*E10 | G10: In-house | H10: Wk 3
A11: Opto-isolator + wiring + connectors | B11: Camera trigger isolation | C11: P0 | D11: 1 | E11: 12 | F11: =D11*E11 | G11: No | H11: Wk 2
A12: LED + driver | B12: Sync verification test (REQ-0.3) | C12: P0 | D12: 1 | E12: 8 | F12: =D12*E12 | G12: No | H12: Wk 2
A13: Carbon / witness paper | B13: Phase 2 spatial ground truth. Best value per dollar in this BOM. | C13: P2 | D13: 1 | E13: 5 | F13: =D13*E13 | G13: No | H13: Wk 7
A14: Piezo discs | B14: Impact localisation elements | C14: P3 | D14: 4 | E14: 2 | F14: =D14*E14 | G14: No | H14: Wk 10*
A15: Comparator + analogue front end parts | B15: Threshold crossing detection for TDOA | C15: P3 | D15: 1 | E15: 27 | F15: =D15*E15 | G15: No | H15: Wk 10*
A16: Safety guard / polycarbonate shield | B16: Spinning plate containment + eye protection zone | C16: P1 | D16: 1 | E16: 30 | F16: =D16*E16 | G16: No | H16: Wk 4
E18: SUBTOTAL (all phases) | F18: =SUM(F5:F16)
E19: Less items likely already owned | F19: =SUMIF(G5:G16,"Likely",F5:F16)
E20: Less Phase 3 (gated at Wk 10) | F20: =SUMIF(C5:C16,"P3",F5:F16)
E21: COMMITTED SPEND BEFORE WK 10 | F21: =F18-F19-F20
E23: Budget ceiling | F23: 500
E24: Headroom vs. worst case (buy everything) | F24: =F23-F18
A26: * Do not order Phase 3 parts until the Week 10 go/no-go bench test passes. Ordering early converts a reversible decision into a sunk cost.
A27: Assumption: GM6020 and USB-CAN adapter marked 'Likely' owned — confirm against the team's spares inventory in Week 1.

Sheet Risks
A1: Risk Register
A2: Score = Impact x Likelihood (1-5 each). Review at every gate. Blue cells are your scoring inputs.
A4: ID | B4: Risk | C4: Impact (1-5) | D4: Likelihood (1-5) | E4: Score | F4: Severity | G4: Mitigation | H4: Owner | I4: Review at
A5: R1 | B5: Time sync cannot reach +/-200 us (camera lacks trigger/strobe line) | C5: 5 | D5: 3 | E5: =C5*D5 | F5: =IF(E5>=15,"Critical",IF(E5>=9,"High",IF(E5>=4,"Medium","Low"))) | G5: Confirm camera trigger capability in Week 1 before any other purchase. Fallback: cap spin rate at ~1 rev/s so the artefact stays below the signal, and state the reduced range in every report. | H5: Self | I5: Wk 3 gate
A6: R2 | B6: Inherited stack undocumented, unbuildable, or unloggable | C6: 4 | D6: 4 | E6: =C6*D6 | F6: =IF(E6>=15,"Critical",IF(E6>=9,"High",IF(E6>=4,"Medium","Low"))) | G6: Timeboxed 4-day archaeology spike ending in a written decision: instrument it, or replace the tracker with a minimal known-good one. Do not drift into an open-ended refactor. | H6: Self | I6: Wk 1
A7: R3 | B7: Solo builder + live season -> project starved of time | C7: 4 | D7: 4 | E7: =C7*D7 | F7: =IF(E7>=15,"Critical",IF(E7>=9,"High",IF(E7>=4,"Medium","Low"))) | G7: Every phase gate delivers standalone value. Week 6 payback gate. Prefer a finished Phase 1 over a half-finished Phase 3. | H7: Self | I7: Wk 6 gate
A8: R4 | B8: No spare referee system available for the target rig | C8: 2 | D8: 3 | E8: =C8*D8 | F8: =IF(E8>=15,"Critical",IF(E8>=9,"High",IF(E8>=4,"Medium","Low"))) | G8: Witness paper covers spatial measurement independently, so referee counting is optional not blocking. Confirm availability by Week 6 (Q2). | H8: Self | I8: Wk 7
A9: R5 | B9: Piezo localisation misses the 25 mm accuracy target | C9: 3 | D9: 3 | E9: =C9*D9 | F9: =IF(E9>=15,"Critical",IF(E9>=9,"High",IF(E9>=4,"Medium","Low"))) | G9: Week 10 bench go/no-go on a spare plate before any integration or full parts order. Reallocate to Phase 4 on a no-go. | H9: Self | I9: Wk 10 gate
A10: R6 | B10: Overfitting to the rig: tuned params help on the bench, hurt on a real robot | C10: 5 | D10: 4 | E10: =C10*D10 | F10: =IF(E10>=15,"Critical",IF(E10>=9,"High",IF(E10>=4,"Medium","Low"))) | G10: The rig measures a proxy, not the goal. Mandate real-robot validation before adopting any tuned parameter (REQ-4.4). Keep held-out datasets (REQ-4.3). Vary lighting, range and background between recordings. | H10: Self | I10: Wk 13
A11: R7 | B11: Frame resonance or walk corrupts encoder truth at high spin | C11: 3 | D11: 2 | E11: =C11*D11 | F11: =IF(E11>=15,"Critical",IF(E11>=9,"High",IF(E11>=4,"Medium","Low"))) | G11: Sweep spin rate looking for anomalous encoder residuals. Ballast or clamp the frame. Record a static-plate control run every session. | H11: Self | I11: Wk 5
A12: R8 | B12: Rig ground truth trusted without independent validation | C12: 4 | D12: 3 | E12: =C12*D12 | F12: =IF(E12>=15,"Critical",IF(E12>=9,"High",IF(E12>=4,"Medium","Low"))) | G12: Film the plate with a phone at high frame rate and confirm the encoder-reported rate matches. Cheap, and it catches whole classes of wiring and unit errors. | H12: Self | I12: Wk 5
A13: R9 | B13: Injury from spinning plate or projectile | C13: 5 | D13: 2 | E13: =C13*D13 | F13: =IF(E13>=15,"Critical",IF(E13>=9,"High",IF(E13>=4,"Medium","Low"))) | G13: Hardware E-stop cutting motor power (not software). Mechanical guard. Captive fasteners on the hub. Eye protection whenever the launcher is armed. Non-negotiable. | H13: Self | I13: Wk 4
A14: R10 | B14: Logging drops frames under load, biasing datasets toward easy scenes | C14: 4 | D14: 3 | E14: =C14*D14 | F14: =IF(E14>=15,"Critical",IF(E14>=9,"High",IF(E14>=4,"Medium","Low"))) | G14: Measure disk throughput and CPU headroom in Week 1 (Q4). Assert on dropped-frame counters and fail loudly rather than silently. | H14: Self | I14: Wk 2
B16: Highest score: | E16: =MAX(E5:E14)
B17: Severity thresholds: Critical >=15, High >=9, Medium >=4, Low <4.

Sheet Metrics
A1: Success Metrics
A2: Blue cells are yours to fill in as measurements land. Status computes automatically where a target is numeric.
A4: ID | B4: Metric | C4: Target | D4: Actual | E4: Due | F4: Status | G4: How measured
A5: M1 | B5: Ground-truth uncertainty at 3 rev/s | C5: <= 0.25 deg | E5: Wk 3 | F5: Pending | G5: LED sync test + encoder spec, recorded in dataset metadata
A6: M2 | B6: Estimator error characterised | C6: Bias, latency, noise at 3 spin rates | E6: Wk 6 | F6: Pending | G6: Phase 1 report; latency by cross-correlation lag
A7: M3 | B7: Tuning cycle time | C7: <= 10 min, param change to number | E7: Wk 8 | F7: Pending | G7: Stopwatch over 5 trials
A8: M4 | B8: Real adoption | C8: >= 3 tuning decisions on rig data | E8: Wk 10 | F8: Pending | G8: Decision log. THE metric that matters most.
A9: M5 | B9: Measured improvement | C9: >= 30% error reduction vs. Wk 6 baseline | E9: Wk 14 | F9: Pending | G9: Same rig, same protocol, re-measured
A10: M6 | B10: Live-fire baseline | C10: Hit rate vs. spin rate, with dispersion floor | E10: Wk 9 | F10: Pending | G10: Phase 2 chart from witness paper + referee counts
A11: M7 | B11: Impact localisation (if P3 proceeds) | C11: <= 25 mm RMS, >= 95% quadrant | E11: Wk 14 | F11: Pending | G11: Held-out grid positions, not calibration positions

Sheet Open Questions
A1: Open Questions
A2: Q1 and Q4 gate Week 1 and should be answered before anything is ordered.
A4: ID | B4: Question | C4: Blocks | D4: Needed by | E4: Status | F4: Answer
A5: Q1 | B5: What camera does the aimbot use, and does it expose an external trigger input or a strobe output? | C5: REQ-0.3, the whole time-base design, and the usable spin-rate range | D5: Wk 1 | E5: Open
A6: Q4 | B6: What compute runs the aimbot, and does it have spare CPU and disk throughput for full-rate logging? | C6: REQ-0.1 - logging that drops frames under load produces biased datasets | D6: Wk 1 | E6: Open
A7: Q5 | B7: Which armor plate size is the reference target: small (~135 mm) or large (~235 mm)? | C7: Hub design, piezo geometry, calibration grid | D7: Wk 2 | E7: Open
A8: Q2 | B8: Is a spare referee system set available to mount on the target rig? | C8: Phase 2 hit counting (not spatial measurement, which paper covers) | D8: Wk 6 | E8: Open
A9: Q3 | B9: Is there a space where the launcher can be fired safely and repeatedly at a fixed range? | C9: All of Phase 2; may force a shorter test range | D9: Wk 6 | E9: Open
A10: Q6 | B10: Will anyone else on the team use this, even informally? | C10: Whether any documentation effort is justified at all | D10: Wk 8 | E10: Open
B12: Legend: blue cells are for you to fill in. Answer Q1 before ordering anything - it determines whether the project's core premise holds.

Sheet Sync Budget
A1: Time-Base Error Budget
A2: The calculation behind the project's hardest requirement. Blue cells are inputs - change them to test your own setup.
A4: INPUTS
A5: Max target spin rate (rev/s) | B5: 3
A6: Assumed clock skew, software timestamps (ms) | B6: 2
A7: Assumed clock skew, hardware trigger (ms) | B7: 0.05
A8: Encoder counts per revolution (GM6020) | B8: 8192
A9: Smallest aiming error we want to resolve (deg) | B9: 0.5
A12: DERIVED
A13: Angular velocity at max spin (deg/s) | B13: =B5*360
A14: Apparent error from software timestamps (deg) | B14: =B13*(B6/1000)
A15: Apparent error from hardware trigger (deg) | B15: =B13*(B7/1000)
A16: Encoder quantisation (deg) | B16: =360/B8
A17: Combined hardware-path uncertainty (deg, RSS) | B17: =SQRT(B15^2+B16^2)
A18: Software path as % of the signal we want to resolve | B18: =B14/B9
A19: Hardware path as % of the signal we want to resolve | B19: =B17/B9
A21: VERDICT
A22: =IF(B17<=0.25,"PASS - hardware-triggered path meets REQ-T2 (<=0.25 deg).","FAIL - reduce spin rate or improve triggering.")
A23: =IF(B18>0.5,"Software timestamping fabricates more than half the error you are trying to measure. Do not use it.","Software timestamping may be tolerable at this spin rate.")
A26: SENSITIVITY: apparent angular error (deg) by spin rate and clock skew
A27: Spin rate (rev/s) \ Clock skew (ms) | B27: 0.05 | C27: 0.2 | D27: 1 | E27: 2 | F27: 5
A28: 0.5 | B28: =$A28*360*(B$27/1000) | C28: =$A28*360*(C$27/1000) | D28: =$A28*360*(D$27/1000) | E28: =$A28*360*(E$27/1000) | F28: =$A28*360*(F$27/1000)
A29: 1 | B29: =$A29*360*(B$27/1000) | C29: =$A29*360*(C$27/1000) | D29: =$A29*360*(D$27/1000) | E29: =$A29*360*(E$27/1000) | F29: =$A29*360*(F$27/1000)
A30: 1.5 | B30: =$A30*360*(B$27/1000) | C30: =$A30*360*(C$27/1000) | D30: =$A30*360*(D$27/1000) | E30: =$A30*360*(E$27/1000) | F30: =$A30*360*(F$27/1000)
A31: 2 | B31: =$A31*360*(B$27/1000) | C31: =$A31*360*(C$27/1000) | D31: =$A31*360*(D$27/1000) | E31: =$A31*360*(E$27/1000) | F31: =$A31*360*(F$27/1000)
A32: 3 | B32: =$A32*360*(B$27/1000) | C32: =$A32*360*(C$27/1000) | D32: =$A32*360*(D$27/1000) | E32: =$A32*360*(E$27/1000) | F32: =$A32*360*(F$27/1000)
A34: Red = the measurement artefact exceeds the 0.5 deg error you are trying to detect. Green = comfortably below it.
A35: Source of encoder spec: DJI GM6020 absolute encoder, 8192 counts/rev. All other values are inputs you can change.
